class,precision,recall,f1
t-shirt/top,0.66723259762309,0.786,0.7217630853994491
trouser,0.9385699899295066,0.932,0.9352734570998495
pullover,0.6319218241042345,0.776,0.696588868940754
dress,0.7043966323666978,0.753,0.7278878685355245
coat,0.6608961303462322,0.649,0.6548940464177598
sandal,0.8564307078763709,0.859,0.8577134298552171
shirt,0.5851063829787234,0.275,0.3741496598639456
sneaker,0.7948051948051948,0.918,0.8519721577726217
bag,0.8957298907646475,0.902,0.8988540109616343
ankle boot,0.9278688524590164,0.849,0.8866840731070497
